customer_id,first_name,last_name,email,city
1,Katie,Johnson,david27@example.net,Bobborough
2,Carlos,Wiggins,holmesian@example.org,Lake Michaelmouth
3,Joshua,Martinez,fnguyen@example.net,West Kathleenton
4,Jacqueline,Ruiz,kimberlyevans@example.net,Walkerbury
5,Michael,Boyd,melissa97@example.com,Saraburgh
6,Nicole,Kelley,wendyayala@example.com,South Steven
7,Amanda,Lam,ybailey@example.org,Luistown
8,Brad,Mccullough,mccarthybarbara@example.net,East Desireebury
9,Christopher,Patel,emoore@example.org,New Daniellechester
10,Paula,Fernandez,christophergarcia@example.com,Michaelchester
11,Alvin,Lang,jonesjoanne@example.org,Johnsonhaven
12,Michael,Wood,joshua83@example.com,Port Susanfurt
13,James,Glass,jfletcher@example.com,Davidfurt
14,Natalie,Garcia,jbaldwin@example.com,North Susanberg
15,Rebecca,Miller,michael57@example.com,Port Mary
16,Michael,Payne,patrickmcclain@example.net,North Lisaport
17,Denise,Durham,zaustin@example.org,Lake Davidstad
18,Christopher,Davis,thomas64@example.org,Keithshire
19,Beth,Garcia,sabrina36@example.com,Port Christopher
20,James,Cruz,hollandallen@example.org,Port Karenborough
21,Christopher,Dudley,michelle73@example.org,South Sonya
22,Joy,Miller,tracy94@example.net,West William
23,Dawn,Maxwell,raymondfisher@example.org,South Alexanderstad
24,Brenda,Pham,owagner@example.net,East Paulberg
25,Maria,Williams,vasquezlee@example.com,Davidhaven
26,Travis,Hines,brandimcdonald@example.net,Mariashire
27,Michele,Navarro,nancy52@example.com,Collinsmouth
28,Walter,Maynard,herbert18@example.org,Rebeccatown
29,Jermaine,Bird,bethany67@example.org,Salazarland
30,Nathan,Deleon,walkerrobert@example.com,Porterview
31,George,Rivers,anthonydavis@example.org,Mcintyreview
32,Julie,Smith,davidrobinson@example.net,Lake Bobby
33,Garrett,Dodson,roseivan@example.org,Martinezland
34,Sarah,Frazier,david03@example.net,Ryanland
35,Catherine,Jefferson,meganaguilar@example.net,New Melvin
36,Michaela,Burnett,tylersimpson@example.com,Deniseberg
37,Justin,Moore,pbrown@example.net,Jillland
38,Tracy,Brown,sean20@example.org,Salinasbury
39,Terri,Heath,timothy33@example.net,North Christopherside
40,Danielle,Lewis,jonathanfuentes@example.com,Port Sara
41,Megan,Hernandez,ecurry@example.net,Lake Cynthia
42,Jennifer,Nolan,christine34@example.org,South Shawn
43,Elizabeth,Barker,lchambers@example.org,Claytonbury
44,Carolyn,Miller,qmitchell@example.com,Lake Cristina
45,Mark,Stout,michaelperkins@example.com,Toniland
46,Amy,Burns,jennifer72@example.org,Patrickfort
47,Annette,Mercer,davidbailey@example.org,Chloechester
48,Brandon,Lindsey,carlos86@example.org,Port Karen
49,Angela,Black,meganfoster@example.com,South Billborough
50,James,Moore,rfritz@example.com,New Joshuaview
51,Makayla,Barnes,gonzalezmichael@example.com,Jeremiahstad
52,Rebecca,Gonzalez,carmstrong@example.net,Mariabury
53,Sheri,Carlson,xlewis@example.net,Davidside
54,William,Crawford,dorothypratt@example.org,Jenniferport
55,Christopher,Bell,callahanevelyn@example.com,Tonyville
56,Tammy,Holland,robinsonjeremy@example.net,Shirleymouth
57,Christopher,Marsh,hayesisaac@example.com,Lake Calvinfurt
58,Shannon,Green,frivera@example.org,East Nancyville
59,Kenneth,Phelps,staciehenderson@example.org,East Mitchellfort
60,Tyler,Thompson,lrichardson@example.org,Cartermouth
61,Neil,Kerr,rrangel@example.com,Lake Cynthia
62,Benjamin,Pham,sarah55@example.org,Lake Kimberlyview
63,Raymond,Anderson,perezmichelle@example.org,Crawfordside
64,Heather,Schultz,hickssara@example.net,Williamfurt
65,Angela,Keith,davidphillips@example.com,East Joshuaburgh
66,Sheila,Melton,ybeard@example.net,Lake Kenneth
67,Bailey,Hall,chelseavalentine@example.org,West Rodneybury
68,Whitney,Soto,natalierichardson@example.org,New Nicholas
69,Anthony,Zuniga,wallmichael@example.org,West Patriciaview
70,Brittany,Young,robertsgail@example.net,Kimberlyfort
71,Sandra,Nielsen,melissajones@example.org,South Katherinetown
72,Lucas,Rodgers,kayla66@example.com,Smithmouth
73,Brandy,Taylor,dillonlogan@example.org,New Sherry
74,Elaine,Davis,ymelton@example.org,Lake Sue
75,Douglas,Walker,fgonzalez@example.org,Wongberg
76,Kimberly,Mann,raymondjones@example.net,North Lisa
77,Clinton,Blevins,jacoblandry@example.net,Lake Jenniferfurt
78,Cynthia,Gonzalez,gfloyd@example.net,North Stevenborough
79,Jean,Goodwin,pamelajimenez@example.org,Gillmouth
80,Robert,Fernandez,webbleroy@example.com,Bonillaburgh
81,Emily,Meza,sanderskatherine@example.org,Amandashire
82,Steven,Russell,powelldavid@example.com,East Thomas
83,Timothy,Williams,alanjackson@example.com,Meganhaven
84,Leah,Baird,mcdanieljennifer@example.org,Williamsview
85,Cameron,Kim,david24@example.com,Port Jessica
86,Jennifer,Wilson,ssalinas@example.com,New Jonathonmouth
87,Emily,Woodard,patricia52@example.net,Laurenfurt
88,Joseph,Evans,jlarson@example.com,Mitchellshire
89,Melissa,Wright,cynthia50@example.com,New Danatown
90,Rick,Chan,irichmond@example.com,North Michael
91,Diane,Johnson,boydchristina@example.org,East Amyshire
92,Erin,Torres,tdurham@example.com,Lopezberg
93,Ann,Harvey,gayryan@example.net,West Michaelchester
94,Erica,Hernandez,rebecca23@example.org,Brittanyhaven
95,Ryan,Stephens,johnmyers@example.org,West Rachelland
96,Kristin,Brown,michael62@example.net,Meganhaven
97,Bryan,Henry,reginald29@example.com,New Cynthia
98,Suzanne,Graham,tiffany09@example.net,Samanthaside
99,Kristen,Sanchez,stevensapril@example.com,Jordanmouth
100,Danielle,Callahan,utorres@example.com,Port William
